{"_via_settings":{"ui":{"annotation_editor_height":25,"annotation_editor_fontsize":0.7000000000000001,"leftsidebar_width":21,"image_grid":{"img_height":80,"rshape_fill":"none","rshape_fill_opacity":0.3,"rshape_stroke":"yellow","rshape_stroke_width":2,"show_region_shape":true,"show_image_policy":"all"},"image":{"region_label":"__via_region_id__","region_color":"__via_default_region_color__","region_label_font":"10px Sans","on_image_annotation_editor_placement":"NEAR_REGION"}},"core":{"buffer_size":18,"filepath":{},"default_filepath":""},"project":{"name":"via_project_17May2023_5h39m"}},"_via_img_metadata":{"img01.jpg38339":{"filename":"img01.jpg","size":38339,"regions":[{"shape_attributes":{"name":"circle","cx":290,"cy":314,"r":176.045},"region_attributes":{}}],"file_attributes":{}},"img02.jpg11010":{"filename":"img02.jpg","size":11010,"regions":[{"shape_attributes":{"name":"circle","cx":111,"cy":117,"r":95},"region_attributes":{}}],"file_attributes":{}},"img03.jpg115922":{"filename":"img03.jpg","size":115922,"regions":[{"shape_attributes":{"name":"circle","cx":407,"cy":450,"r":268},"region_attributes":{}}],"file_attributes":{}},"img04.jpg189029":{"filename":"img04.jpg","size":189029,"regions":[{"shape_attributes":{"name":"circle","cx":533,"cy":539,"r":394},"region_attributes":{}},{"shape_attributes":{"name":"circle","cx":1413,"cy":552,"r":397},"region_attributes":{}}],"file_attributes":{}},"img05.jpg89877":{"filename":"img05.jpg","size":89877,"regions":[{"shape_attributes":{"name":"circle","cx":497,"cy":275,"r":128},"region_attributes":{}}],"file_attributes":{}},"img06.jpg39383":{"filename":"img06.jpg","size":39383,"regions":[{"shape_attributes":{"name":"circle","cx":656,"cy":361,"r":122},"region_attributes":{}}],"file_attributes":{}},"img07.jpg244548":{"filename":"img07.jpg","size":244548,"regions":[{"shape_attributes":{"name":"circle","cx":632,"cy":624,"r":586},"region_attributes":{}}],"file_attributes":{}},"img08.jpg1523155":{"filename":"img08.jpg","size":1523155,"regions":[{"shape_attributes":{"name":"circle","cx":1096,"cy":1236,"r":601.429},"region_attributes":{}}],"file_attributes":{}},"img09.jpg1394147":{"filename":"img09.jpg","size":1394147,"regions":[{"shape_attributes":{"name":"circle","cx":1607,"cy":1554,"r":192},"region_attributes":{}}],"file_attributes":{}},"img10.jpg142370":{"filename":"img10.jpg","size":142370,"regions":[{"shape_attributes":{"name":"circle","cx":521,"cy":458,"r":309},"region_attributes":{}}],"file_attributes":{}},"img11.jpg58376":{"filename":"img11.jpg","size":58376,"regions":[{"shape_attributes":{"name":"circle","cx":323,"cy":268,"r":102},"region_attributes":{}}],"file_attributes":{}},"img12.jpg66047":{"filename":"img12.jpg","size":66047,"regions":[{"shape_attributes":{"name":"circle","cx":626,"cy":301,"r":94},"region_attributes":{}}],"file_attributes":{}},"img13.jpg92096":{"filename":"img13.jpg","size":92096,"regions":[{"shape_attributes":{"name":"circle","cx":399,"cy":262,"r":142},"region_attributes":{}}],"file_attributes":{}},"img14.jpg151857":{"filename":"img14.jpg","size":151857,"regions":[{"shape_attributes":{"name":"circle","cx":296,"cy":186,"r":158},"region_attributes":{}}],"file_attributes":{}},"img15.jpg521031":{"filename":"img15.jpg","size":521031,"regions":[{"shape_attributes":{"name":"circle","cx":1021,"cy":607,"r":232},"region_attributes":{}}],"file_attributes":{}},"img16.jpg22079":{"filename":"img16.jpg","size":22079,"regions":[{"shape_attributes":{"name":"circle","cx":199,"cy":201,"r":63},"region_attributes":{}}],"file_attributes":{}},"img17.jpg56281":{"filename":"img17.jpg","size":56281,"regions":[{"shape_attributes":{"name":"circle","cx":321,"cy":277,"r":116},"region_attributes":{}}],"file_attributes":{}},"img18.jpg143518":{"filename":"img18.jpg","size":143518,"regions":[{"shape_attributes":{"name":"circle","cx":357,"cy":191,"r":74},"region_attributes":{}},{"shape_attributes":{"name":"circle","cx":436,"cy":113,"r":54},"region_attributes":{}},{"shape_attributes":{"name":"circle","cx":223,"cy":146,"r":51},"region_attributes":{}}],"file_attributes":{}},"img19.jpg29525":{"filename":"img19.jpg","size":29525,"regions":[{"shape_attributes":{"name":"circle","cx":404,"cy":179,"r":80},"region_attributes":{}}],"file_attributes":{}},"img20.jpg122462":{"filename":"img20.jpg","size":122462,"regions":[{"shape_attributes":{"name":"circle","cx":696,"cy":344,"r":232},"region_attributes":{}}],"file_attributes":{}},"img21.jpg568028":{"filename":"img21.jpg","size":568028,"regions":[{"shape_attributes":{"name":"circle","cx":747,"cy":906,"r":442},"region_attributes":{}}],"file_attributes":{}},"img22.jpg44416":{"filename":"img22.jpg","size":44416,"regions":[{"shape_attributes":{"name":"circle","cx":292,"cy":181,"r":105},"region_attributes":{}}],"file_attributes":{}},"img23.jpg54412":{"filename":"img23.jpg","size":54412,"regions":[{"shape_attributes":{"name":"circle","cx":498,"cy":289,"r":176},"region_attributes":{}}],"file_attributes":{}},"img24.jpg51806":{"filename":"img24.jpg","size":51806,"regions":[{"shape_attributes":{"name":"circle","cx":396,"cy":418,"r":187.346},"region_attributes":{}}],"file_attributes":{}},"img25.jpg685816":{"filename":"img25.jpg","size":685816,"regions":[{"shape_attributes":{"name":"circle","cx":1027,"cy":1957,"r":417},"region_attributes":{}}],"file_attributes":{}},"img26.jpg10238":{"filename":"img26.jpg","size":10238,"regions":[{"shape_attributes":{"name":"circle","cx":146,"cy":85,"r":40.311},"region_attributes":{}}],"file_attributes":{}},"img27.jpg1750748":{"filename":"img27.jpg","size":1750748,"regions":[{"shape_attributes":{"name":"circle","cx":1253,"cy":4357,"r":742},"region_attributes":{}}],"file_attributes":{}},"img28.jpg34927":{"filename":"img28.jpg","size":34927,"regions":[{"shape_attributes":{"name":"circle","cx":535,"cy":230,"r":122},"region_attributes":{}}],"file_attributes":{}},"img29.jpg46364":{"filename":"img29.jpg","size":46364,"regions":[{"shape_attributes":{"name":"circle","cx":296,"cy":162,"r":133},"region_attributes":{}}],"file_attributes":{}},"img30.jpg148458":{"filename":"img30.jpg","size":148458,"regions":[{"shape_attributes":{"name":"circle","cx":482,"cy":1022,"r":258},"region_attributes":{}}],"file_attributes":{}},"img31.jpg74706":{"filename":"img31.jpg","size":74706,"regions":[{"shape_attributes":{"name":"circle","cx":219,"cy":328,"r":165.992},"region_attributes":{}}],"file_attributes":{}},"img32.jpg2365193":{"filename":"img32.jpg","size":2365193,"regions":[{"shape_attributes":{"name":"circle","cx":746,"cy":656,"r":256},"region_attributes":{}}],"file_attributes":{}},"img33.jpg75001":{"filename":"img33.jpg","size":75001,"regions":[{"shape_attributes":{"name":"circle","cx":318,"cy":192,"r":35},"region_attributes":{}}],"file_attributes":{}},"img34.jpg30528":{"filename":"img34.jpg","size":30528,"regions":[{"shape_attributes":{"name":"circle","cx":275,"cy":336,"r":91},"region_attributes":{}}],"file_attributes":{}},"img35.jpg61374":{"filename":"img35.jpg","size":61374,"regions":[{"shape_attributes":{"name":"circle","cx":456,"cy":373,"r":153},"region_attributes":{}}],"file_attributes":{}},"img36.jpg111064":{"filename":"img36.jpg","size":111064,"regions":[{"shape_attributes":{"name":"circle","cx":150,"cy":204,"r":73},"region_attributes":{}}],"file_attributes":{}},"img37.jpg34983":{"filename":"img37.jpg","size":34983,"regions":[{"shape_attributes":{"name":"circle","cx":262,"cy":272,"r":124.016},"region_attributes":{}}],"file_attributes":{}},"img38.jpg45394":{"filename":"img38.jpg","size":45394,"regions":[{"shape_attributes":{"name":"circle","cx":172,"cy":129,"r":56},"region_attributes":{}}],"file_attributes":{}},"img39.jpg818117":{"filename":"img39.jpg","size":818117,"regions":[{"shape_attributes":{"name":"circle","cx":765,"cy":492,"r":83},"region_attributes":{}}],"file_attributes":{}},"img40.jpg16426":{"filename":"img40.jpg","size":16426,"regions":[{"shape_attributes":{"name":"circle","cx":181,"cy":155,"r":29},"region_attributes":{}}],"file_attributes":{}},"img41.jpg278008":{"filename":"img41.jpg","size":278008,"regions":[{"shape_attributes":{"name":"circle","cx":722,"cy":348,"r":126},"region_attributes":{}}],"file_attributes":{}},"img42.jpg203772":{"filename":"img42.jpg","size":203772,"regions":[{"shape_attributes":{"name":"circle","cx":481,"cy":260,"r":100},"region_attributes":{}}],"file_attributes":{}},"img43.jpg225538":{"filename":"img43.jpg","size":225538,"regions":[{"shape_attributes":{"name":"circle","cx":376,"cy":262,"r":127},"region_attributes":{}}],"file_attributes":{}},"img44.jpg481945":{"filename":"img44.jpg","size":481945,"regions":[{"shape_attributes":{"name":"circle","cx":931,"cy":515,"r":345},"region_attributes":{}}],"file_attributes":{}},"img45.jpg134488":{"filename":"img45.jpg","size":134488,"regions":[{"shape_attributes":{"name":"circle","cx":467,"cy":370,"r":226},"region_attributes":{}}],"file_attributes":{}},"img46.jpg119175":{"filename":"img46.jpg","size":119175,"regions":[{"shape_attributes":{"name":"circle","cx":452,"cy":576,"r":320},"region_attributes":{}}],"file_attributes":{}},"img47.jpg74706":{"filename":"img47.jpg","size":74706,"regions":[{"shape_attributes":{"name":"circle","cx":217,"cy":328,"r":171},"region_attributes":{}}],"file_attributes":{}},"img48.jpg29309":{"filename":"img48.jpg","size":29309,"regions":[{"shape_attributes":{"name":"circle","cx":202,"cy":201,"r":101},"region_attributes":{}}],"file_attributes":{}},"img49.jpg647773":{"filename":"img49.jpg","size":647773,"regions":[{"shape_attributes":{"name":"circle","cx":751,"cy":738,"r":538},"region_attributes":{}},{"shape_attributes":{"name":"circle","cx":2061,"cy":554,"r":137},"region_attributes":{}},{"shape_attributes":{"name":"circle","cx":1740,"cy":1311,"r":273},"region_attributes":{}}],"file_attributes":{}},"img50.jpg88868":{"filename":"img50.jpg","size":88868,"regions":[{"shape_attributes":{"name":"circle","cx":347,"cy":155,"r":94},"region_attributes":{}}],"file_attributes":{}}},"_via_attributes":{"region":{},"file":{}},"_via_data_format_version":"2.0.10","_via_image_id_list":["img01.jpg38339","img02.jpg11010","img03.jpg115922","img04.jpg189029","img05.jpg89877","img06.jpg39383","img07.jpg244548","img08.jpg1523155","img09.jpg1394147","img10.jpg142370","img11.jpg58376","img12.jpg66047","img13.jpg92096","img14.jpg151857","img15.jpg521031","img16.jpg22079","img17.jpg56281","img18.jpg143518","img19.jpg29525","img20.jpg122462","img21.jpg568028","img22.jpg44416","img23.jpg54412","img24.jpg51806","img25.jpg685816","img26.jpg10238","img27.jpg1750748","img28.jpg34927","img29.jpg46364","img30.jpg148458","img31.jpg74706","img32.jpg2365193","img33.jpg75001","img34.jpg30528","img35.jpg61374","img36.jpg111064","img37.jpg34983","img38.jpg45394","img39.jpg818117","img40.jpg16426","img41.jpg278008","img42.jpg203772","img43.jpg225538","img44.jpg481945","img45.jpg134488","img46.jpg119175","img47.jpg74706","img48.jpg29309","img49.jpg647773","img50.jpg88868"]}